path,method,alpha,fit_last_session,validation_last_session,validation_quasi_likelihood
0,shrinkage,0.0,188,251,-7.809215060759451
0,shrinkage,0.05,188,251,-7.818759453932491
0,shrinkage,0.15,188,251,-7.834399750119904
0,shrinkage,0.35,188,251,-7.8550568042746525
0,shrinkage,0.65,188,251,-7.866235922374911
0,log_mean,0.0,188,251,-7.762024244646328
0,log_mean,0.05,188,251,-7.77593996711397
0,log_mean,0.15,188,251,-7.798813427755402
0,log_mean,0.35,188,251,-7.829595581129847
0,log_mean,0.65,188,251,-7.848486974712912
0,affine_mean,0.0,188,251,-7.769981263172853
0,affine_mean,0.05,188,251,-7.782350766245432
0,affine_mean,0.15,188,251,-7.802831997087266
0,affine_mean,0.35,188,251,-7.83058357935457
0,affine_mean,0.65,188,251,-7.847165989784851
1,shrinkage,0.0,188,251,-7.692790954224039
1,shrinkage,0.05,188,251,-7.711147662492
1,shrinkage,0.15,188,251,-7.733691819188137
1,shrinkage,0.35,188,251,-7.749893510490037
1,shrinkage,0.65,188,251,-7.7386134547245415
1,log_mean,0.0,188,251,-7.663710287036195
1,log_mean,0.05,188,251,-7.687951278595119
1,log_mean,0.15,188,251,-7.720178904199821
1,log_mean,0.35,188,251,-7.748313524152114
1,log_mean,0.65,188,251,-7.7392654449633955
1,affine_mean,0.0,188,251,-7.675800748856467
1,affine_mean,0.05,188,251,-7.696574939733793
1,affine_mean,0.15,188,251,-7.724469967947255
1,affine_mean,0.35,188,251,-7.748317889122098
1,affine_mean,0.65,188,251,-7.736232120062306
2,shrinkage,0.0,188,251,-7.852114695358493
2,shrinkage,0.05,188,251,-7.868967748684203
2,shrinkage,0.15,188,251,-7.893778410552707
2,shrinkage,0.35,188,251,-7.921258905627234
2,shrinkage,0.65,188,251,-7.930903172893375
2,log_mean,0.0,188,251,-7.812302857849264
2,log_mean,0.05,188,251,-7.83655303989819
2,log_mean,0.15,188,251,-7.8721911050890085
2,log_mean,0.35,188,251,-7.912520734529965
2,log_mean,0.65,188,251,-7.9300019378937
2,affine_mean,0.0,188,251,-7.828179769577439
2,affine_mean,0.05,188,251,-7.848575596783196
2,affine_mean,0.15,188,251,-7.87925529439413
2,affine_mean,0.35,188,251,-7.914973115793762
2,affine_mean,0.65,188,251,-7.930407912432352
3,shrinkage,0.0,188,251,-8.014801470425374
3,shrinkage,0.05,188,251,-8.02268975481434
3,shrinkage,0.15,188,251,-8.029545026675535
3,shrinkage,0.35,188,251,-8.02410030993676
3,shrinkage,0.65,188,251,-7.990700009312589
3,log_mean,0.0,188,251,-7.999545957062438
3,log_mean,0.05,188,251,-8.012658521044504
3,log_mean,0.15,188,251,-8.02722628059981
3,log_mean,0.35,188,251,-8.030986442781513
3,log_mean,0.65,188,251,-8.002589848208933
3,affine_mean,0.0,188,251,-8.008378428633751
3,affine_mean,0.05,188,251,-8.019262752493855
3,affine_mean,0.15,188,251,-8.03111522095079
3,affine_mean,0.35,188,251,-8.032419103973258
3,affine_mean,0.65,188,251,-8.002573142844044
4,shrinkage,0.0,188,251,-8.038600856123304
4,shrinkage,0.05,188,251,-8.04749353850274
4,shrinkage,0.15,188,251,-8.05762039579815
4,shrinkage,0.35,188,251,-8.059611329067668
4,shrinkage,0.65,188,251,-8.037034473204098
4,log_mean,0.0,188,251,-8.025872524637565
4,log_mean,0.05,188,251,-8.040358369699343
4,log_mean,0.15,188,251,-8.05871545052064
4,log_mean,0.35,188,251,-8.070084162649593
4,log_mean,0.65,188,251,-8.051082689578212
4,affine_mean,0.0,188,251,-8.030590539565049
4,affine_mean,0.05,188,251,-8.042809112595377
4,affine_mean,0.15,188,251,-8.058613908506876
4,affine_mean,0.35,188,251,-8.0684035471381
4,affine_mean,0.65,188,251,-8.049611684448484
5,shrinkage,0.0,188,251,-7.943671965195079
5,shrinkage,0.05,188,251,-7.95833497512773
5,shrinkage,0.15,188,251,-7.978694351977634
5,shrinkage,0.35,188,251,-7.9981686947348845
5,shrinkage,0.65,188,251,-8.000889005066869
5,log_mean,0.0,188,251,-7.937881801033118
5,log_mean,0.05,188,251,-7.959113710168281
5,log_mean,0.15,188,251,-7.989291945170444
5,log_mean,0.35,188,251,-8.020675882601603
5,log_mean,0.65,188,251,-8.030182482667598
5,affine_mean,0.0,188,251,-7.952818607141282
5,affine_mean,0.05,188,251,-7.970187467647977
5,affine_mean,0.15,188,251,-7.995569070903641
5,affine_mean,0.35,188,251,-8.02291126580114
5,affine_mean,0.65,188,251,-8.031061870797412
6,shrinkage,0.0,188,251,-7.90980108336778
6,shrinkage,0.05,188,251,-7.91522787431092
6,shrinkage,0.15,188,251,-7.917477059262348
6,shrinkage,0.35,188,251,-7.902681314614806
6,shrinkage,0.65,188,251,-7.852417103877368
6,log_mean,0.0,188,251,-7.898524175927782
6,log_mean,0.05,188,251,-7.909592896326748
6,log_mean,0.15,188,251,-7.919982698699516
6,log_mean,0.35,188,251,-7.914346811072094
6,log_mean,0.65,188,251,-7.868187905140297
6,affine_mean,0.0,188,251,-7.901490455287214
6,affine_mean,0.05,188,251,-7.91035844309971
6,affine_mean,0.15,188,251,-7.918387910622705
6,affine_mean,0.35,188,251,-7.911379231577232
6,affine_mean,0.65,188,251,-7.865082146145787
7,shrinkage,0.0,188,251,-7.552821202981153
7,shrinkage,0.05,188,251,-7.561098478117372
7,shrinkage,0.15,188,251,-7.571638957199263
7,shrinkage,0.35,188,251,-7.573734855637644
7,shrinkage,0.65,188,251,-7.5358685429080055
7,log_mean,0.0,188,251,-7.454339901966652
7,log_mean,0.05,188,251,-7.467817642470382
7,log_mean,0.15,188,251,-7.486521407854961
7,log_mean,0.35,188,251,-7.498788021204176
7,log_mean,0.65,188,251,-7.46536487926535
7,affine_mean,0.0,188,251,-7.4594801926771215
7,affine_mean,0.05,188,251,-7.470756354481372
7,affine_mean,0.15,188,251,-7.486264028104018
7,affine_mean,0.35,188,251,-7.49485416394841
7,affine_mean,0.65,188,251,-7.458849865607754
8,shrinkage,0.0,188,251,-7.617717142687455
8,shrinkage,0.05,188,251,-7.635915372967186
8,shrinkage,0.15,188,251,-7.6630234299371205
8,shrinkage,0.35,188,251,-7.692709866417862
8,shrinkage,0.65,188,251,-7.700092701701044
8,log_mean,0.0,188,251,-7.57225662395928
8,log_mean,0.05,188,251,-7.595944947364687
8,log_mean,0.15,188,251,-7.631625669160478
8,log_mean,0.35,188,251,-7.6721356848043865
8,log_mean,0.65,188,251,-7.6863541369983865
8,affine_mean,0.0,188,251,-7.579683847091818
8,affine_mean,0.05,188,251,-7.600368072294964
8,affine_mean,0.15,188,251,-7.631964676933437
8,affine_mean,0.35,188,251,-7.668443441475046
8,affine_mean,0.65,188,251,-7.680847049004864
9,shrinkage,0.0,188,251,-8.05116158258751
9,shrinkage,0.05,188,251,-8.066414566988628
9,shrinkage,0.15,188,251,-8.085057790056036
9,shrinkage,0.35,188,251,-8.096381219111262
9,shrinkage,0.65,188,251,-8.082621673504269
9,log_mean,0.0,188,251,-8.039349757896952
9,log_mean,0.05,188,251,-8.059966886665713
9,log_mean,0.15,188,251,-8.086749826861297
9,log_mean,0.35,188,251,-8.1079617090554
9,log_mean,0.65,188,251,-8.099707673946043
9,affine_mean,0.0,188,251,-8.043395508053303
9,affine_mean,0.05,188,251,-8.06211570993873
9,affine_mean,0.15,188,251,-8.08678247306171
9,affine_mean,0.35,188,251,-8.106663781397833
9,affine_mean,0.65,188,251,-8.098555016402779
10,shrinkage,0.0,188,251,-7.485608267288525
10,shrinkage,0.05,188,251,-7.503307318057758
10,shrinkage,0.15,188,251,-7.532323929222828
10,shrinkage,0.35,188,251,-7.571205746272994
10,shrinkage,0.65,188,251,-7.596492799169223
10,log_mean,0.0,188,251,-7.370417685807305
10,log_mean,0.05,188,251,-7.396563744437913
10,log_mean,0.15,188,251,-7.438986157969325
10,log_mean,0.35,188,251,-7.4950664541224805
10,log_mean,0.65,188,251,-7.531174349587484
10,affine_mean,0.0,188,251,-7.396008001586573
10,affine_mean,0.05,188,251,-7.417896170736752
10,affine_mean,0.15,188,251,-7.453648445881445
10,affine_mean,0.35,188,251,-7.501029243782955
10,affine_mean,0.65,188,251,-7.529970690052564
11,shrinkage,0.0,188,251,-7.860559203968283
11,shrinkage,0.05,188,251,-7.86867182082296
11,shrinkage,0.15,188,251,-7.880087839264457
11,shrinkage,0.35,188,251,-7.8887319875539745
11,shrinkage,0.65,188,251,-7.876268314099195
11,log_mean,0.0,188,251,-7.837881132916859
11,log_mean,0.05,188,251,-7.847204156017508
11,log_mean,0.15,188,251,-7.860466148293243
11,log_mean,0.35,188,251,-7.871080356664505
11,log_mean,0.65,188,251,-7.858008118588396
11,affine_mean,0.0,188,251,-7.8435685699737565
11,affine_mean,0.05,188,251,-7.851642813944621
11,affine_mean,0.15,188,251,-7.8630435285889835
11,affine_mean,0.35,188,251,-7.8715067437687445
11,affine_mean,0.65,188,251,-7.857331478827041
12,shrinkage,0.0,188,251,-7.922017095870698
12,shrinkage,0.05,188,251,-7.937733709645232
12,shrinkage,0.15,188,251,-7.960601060216225
12,shrinkage,0.35,188,251,-7.984568709810952
12,shrinkage,0.65,188,251,-7.9899966046039195
12,log_mean,0.0,188,251,-7.89968013513187
12,log_mean,0.05,188,251,-7.91930148104645
12,log_mean,0.15,188,251,-7.9482471941681645
12,log_mean,0.35,188,251,-7.97973602264188
12,log_mean,0.65,188,251,-7.989266136654127
12,affine_mean,0.0,188,251,-7.903621811567125
12,affine_mean,0.05,188,251,-7.921074158288136
12,affine_mean,0.15,188,251,-7.947327536707952
12,affine_mean,0.35,188,251,-7.976683342487653
12,affine_mean,0.65,188,251,-7.985609869330946
13,shrinkage,0.0,188,251,-7.899424162584629
13,shrinkage,0.05,188,251,-7.903291774285137
13,shrinkage,0.15,188,251,-7.904609997134754
13,shrinkage,0.35,188,251,-7.8913814108147555
13,shrinkage,0.65,188,251,-7.846382386443596
13,log_mean,0.0,188,251,-7.902962690708292
13,log_mean,0.05,188,251,-7.910510665499938
13,log_mean,0.15,188,251,-7.917020931489697
13,log_mean,0.35,188,251,-7.909231280768477
13,log_mean,0.65,188,251,-7.864769580519585
13,affine_mean,0.0,188,251,-7.902718078333594
13,affine_mean,0.05,188,251,-7.908887699530241
13,affine_mean,0.15,188,251,-7.913929498253338
13,affine_mean,0.35,188,251,-7.905418930810607
13,affine_mean,0.65,188,251,-7.861427268868515
14,shrinkage,0.0,188,251,-7.806799350290225
14,shrinkage,0.05,188,251,-7.819019681191955
14,shrinkage,0.15,188,251,-7.835737873214616
14,shrinkage,0.35,188,251,-7.847331844743294
14,shrinkage,0.65,188,251,-7.826982429246086
14,log_mean,0.0,188,251,-7.7432505736751205
14,log_mean,0.05,188,251,-7.760327424834091
14,log_mean,0.15,188,251,-7.7842660934093
14,log_mean,0.35,188,251,-7.804184261952125
14,log_mean,0.65,188,251,-7.787767503835374
14,affine_mean,0.0,188,251,-7.751413156414939
14,affine_mean,0.05,188,251,-7.765947695599537
14,affine_mean,0.15,188,251,-7.786399296282369
14,affine_mean,0.35,188,251,-7.802828285288489
14,affine_mean,0.65,188,251,-7.7849039493089816
15,shrinkage,0.0,188,251,-8.122342775442961
15,shrinkage,0.05,188,251,-8.128607922635744
15,shrinkage,0.15,188,251,-8.136025363992205
15,shrinkage,0.35,188,251,-8.138061501880978
15,shrinkage,0.65,188,251,-8.120989230822488
15,log_mean,0.0,188,251,-8.108624817859795
15,log_mean,0.05,188,251,-8.117662300481342
15,log_mean,0.15,188,251,-8.129438209699856
15,log_mean,0.35,188,251,-8.136970488658958
15,log_mean,0.65,188,251,-8.122642865880884
15,affine_mean,0.0,188,251,-8.111580949399947
15,affine_mean,0.05,188,251,-8.119613067968997
15,affine_mean,0.15,188,251,-8.130068242816293
15,affine_mean,0.35,188,251,-8.13626862088616
15,affine_mean,0.65,188,251,-8.121099261279
16,shrinkage,0.0,188,251,-8.197772891194589
16,shrinkage,0.05,188,251,-8.201720905909252
16,shrinkage,0.15,188,251,-8.202841896037578
16,shrinkage,0.35,188,251,-8.190488327451877
16,shrinkage,0.65,188,251,-8.151922617428392
16,log_mean,0.0,188,251,-8.206250610108963
16,log_mean,0.05,188,251,-8.212820728115641
16,log_mean,0.15,188,251,-8.217986196385002
16,log_mean,0.35,188,251,-8.210779278752199
16,log_mean,0.65,188,251,-8.174785005615282
16,affine_mean,0.0,188,251,-8.209419822210164
16,affine_mean,0.05,188,251,-8.21498979034379
16,affine_mean,0.15,188,251,-8.219211414611406
16,affine_mean,0.35,188,251,-8.21171735841792
16,affine_mean,0.65,188,251,-8.176060780254339
17,shrinkage,0.0,188,251,-7.720724888437986
17,shrinkage,0.05,188,251,-7.7331474546760495
17,shrinkage,0.15,188,251,-7.750597108890571
17,shrinkage,0.35,188,251,-7.765452050526226
17,shrinkage,0.65,188,251,-7.754967654763953
17,log_mean,0.0,188,251,-7.688553653456572
17,log_mean,0.05,188,251,-7.705097414246378
17,log_mean,0.15,188,251,-7.728807124649411
17,log_mean,0.35,188,251,-7.7511970577844735
17,log_mean,0.65,188,251,-7.744724950601046
17,affine_mean,0.0,188,251,-7.6904956949302195
17,affine_mean,0.05,188,251,-7.705016470807355
17,affine_mean,0.15,188,251,-7.725993323931906
17,affine_mean,0.35,188,251,-7.74575135550224
17,affine_mean,0.65,188,251,-7.738266872364842
18,shrinkage,0.0,188,251,-7.82497197195801
18,shrinkage,0.05,188,251,-7.8402292739900465
18,shrinkage,0.15,188,251,-7.862112690058879
18,shrinkage,0.35,188,251,-7.8836837912503155
18,shrinkage,0.65,188,251,-7.884587101968215
18,log_mean,0.0,188,251,-7.777600153633994
18,log_mean,0.05,188,251,-7.798738372674924
18,log_mean,0.15,188,251,-7.830174590937193
18,log_mean,0.35,188,251,-7.864556460601501
18,log_mean,0.65,188,251,-7.874441260578046
18,affine_mean,0.0,188,251,-7.79043409045825
18,affine_mean,0.05,188,251,-7.8094091500753615
18,affine_mean,0.15,188,251,-7.83779478038139
18,affine_mean,0.35,188,251,-7.868861702680507
18,affine_mean,0.65,188,251,-7.876692631190984
19,shrinkage,0.0,188,251,-7.912902844319412
19,shrinkage,0.05,188,251,-7.922126843645345
19,shrinkage,0.15,188,251,-7.934611221056293
19,shrinkage,0.35,188,251,-7.942670582793037
19,shrinkage,0.65,188,251,-7.925865063427114
19,log_mean,0.0,188,251,-7.866654915014059
19,log_mean,0.05,188,251,-7.87901057394689
19,log_mean,0.15,188,251,-7.896632923090602
19,log_mean,0.35,188,251,-7.9114472844203325
19,log_mean,0.65,188,251,-7.898198577409465
19,affine_mean,0.0,188,251,-7.871556885348319
19,affine_mean,0.05,188,251,-7.882299026873034
19,affine_mean,0.15,188,251,-7.89754171151628
19,affine_mean,0.35,188,251,-7.909634430323634
19,affine_mean,0.65,188,251,-7.894768316735596
