path,strategy,observations,mean_squared_return,annualized_volatility,es99_loss,net_terminal_wealth,maximum_drawdown,total_cost_fraction
0,equal_weight,756,1.683094979686689e-05,0.06516914064706358,0.01306437676693211,0.9934715714483557,0.14686752322137542,0.000875126609386233
0,sample,756,1.5158939168824205e-05,0.0618466563299744,0.012810005464564005,0.9767508971386241,0.11436922991299259,0.0024928405834560604
0,shrinkage,756,1.5061584370964706e-05,0.06163929458443309,0.012548456852770432,0.9435119345864297,0.1398871750557359,0.0015587425555746788
0,log_mean,756,1.5007210418315417e-05,0.061531675051073535,0.012860447684880937,0.9544545775075701,0.1358628914951251,0.0017283256495651122
0,affine_mean,756,1.5008452694804581e-05,0.06153523199235919,0.012835722217681245,0.9580947021452094,0.1357571877550401,0.0016916511764057925
0,oracle,756,1.2213048655449695e-05,0.05550178293228775,0.00986635442854697,0.9409942293902942,0.13772208177603262,0.0015957224496901841
1,equal_weight,756,1.923908641704614e-05,0.0696710521479973,0.014159968369239086,0.955548727336177,0.1138211365005255,0.0008591911486702348
1,sample,756,1.790189070177849e-05,0.06720960965483283,0.015194106126515375,1.0071595172886574,0.09224973536893244,0.002591123828023707
1,shrinkage,756,1.7307178421973402e-05,0.06608456449237654,0.01474941409054005,0.9856944737601013,0.09451037891051595,0.0018520722276828606
1,log_mean,756,1.6932748373823334e-05,0.06536507706352604,0.014412015061117483,1.0076498030765042,0.08466687244140503,0.0018421002456065103
1,affine_mean,756,1.6935224236221178e-05,0.06537004718295251,0.014350305998291128,1.0058080535833274,0.08560976144193388,0.00176978531064912
1,oracle,756,1.2974896034137548e-05,0.05721571968846955,0.01198095563628754,0.9652167147100367,0.11768195949263138,0.0017150056386625856
2,equal_weight,756,1.447380977075664e-05,0.060417405558297936,0.01273727895110746,0.9295539484540707,0.08241397865685762,0.0008108710537913497
2,sample,756,1.5783043774152093e-05,0.06308837112399406,0.013629724258714518,0.9203872600005575,0.11234136020206242,0.0024597630878771437
2,shrinkage,756,1.4689625938580088e-05,0.06085916413178611,0.013110198788080809,0.9162843464932415,0.11399218516710607,0.0015162410101292954
2,log_mean,756,1.4541672022553572e-05,0.06055855388462523,0.012681116080922593,0.9280171255167845,0.10456395629374471,0.0016233146483442392
2,affine_mean,756,1.4478285642349096e-05,0.06042530518711138,0.012710209590811723,0.9261477927889076,0.10511053068674314,0.001577420146953782
2,oracle,756,1.1470773383182164e-05,0.053750894996693464,0.010815586744878997,0.8907328139240406,0.11758412875083779,0.0017591148843269142
3,equal_weight,756,1.367444435392662e-05,0.0586844668020703,0.014371541311778998,0.8791403792038833,0.16728046351217152,0.0008347954565681379
3,sample,756,1.1883360873179429e-05,0.05470136060123283,0.013445803447777146,0.8813005965377456,0.17737638273625667,0.002075237589232221
3,shrinkage,756,1.1601677282025593e-05,0.05404207177526351,0.013660112430709744,0.8766787666605069,0.17828624486460376,0.001758839967318599
3,log_mean,756,1.1777492296133088e-05,0.054429637551676346,0.01380238183514795,0.8598054845103217,0.18501857545897715,0.0016572289333968307
3,affine_mean,756,1.1794973128126324e-05,0.054471537200234794,0.013743791409328462,0.860862589895986,0.18357553904398471,0.001613970383328475
3,oracle,756,1.0298260121855723e-05,0.050918165955252594,0.012624392564537627,0.8857545376526853,0.15551953060407764,0.0014339631362470682
4,equal_weight,756,1.0639328902146665e-05,0.051696264881986254,0.011331394657254594,0.8430483306193783,0.21554819178122142,0.000762402536815262
4,sample,756,1.1304436723562449e-05,0.053341568394148074,0.010878342220930589,0.8747996537122777,0.1742809789390074,0.002072621821283661
4,shrinkage,756,1.0784824153547766e-05,0.0520783726478495,0.010334415747161804,0.8606475075524467,0.18946404700522046,0.0015009034049453974
4,log_mean,756,1.0663551963623334e-05,0.051786583200804454,0.010029037049087332,0.8626124864100613,0.1870895409942731,0.001591109828943698
4,affine_mean,756,1.0615062622513373e-05,0.05166721586256093,0.010001958759932556,0.8618941737928355,0.18812091633775152,0.0015411192228219326
4,oracle,756,8.82743325851264e-06,0.04715239852641473,0.010173167168288595,0.9035387307942024,0.14982588007521103,0.001605077555579201
5,equal_weight,756,1.743508753242443e-05,0.06631431047851444,0.01652753366188683,0.9299618811033619,0.1416550532171298,0.0008740620543827813
5,sample,756,1.5468095369216794e-05,0.06245745891353423,0.016269665908969378,0.924291380614611,0.10604121983894232,0.0024571779681570698
5,shrinkage,756,1.5974885730750564e-05,0.06345434910547273,0.016320285115411184,0.8965919337682625,0.1504616616098381,0.001597289246762015
5,log_mean,756,1.6801583290993014e-05,0.06507843746850142,0.017141154846737002,0.8977324647533509,0.1546117054430468,0.001642529899189199
5,affine_mean,756,1.6737894572209728e-05,0.0649565058793675,0.01706152209851661,0.9000267889120954,0.15381456654337622,0.0015882793272026048
5,oracle,756,1.2091932382069725e-05,0.05523304890940028,0.012595345661223332,0.960459281906509,0.11265431059267794,0.0016791929378674627
6,equal_weight,756,1.9437795285636083e-05,0.07003249748293246,0.015813090842126915,1.0162436404077126,0.07227256741106436,0.0008794577671493933
6,sample,756,1.4409568560716705e-05,0.060280150224546955,0.014691686835636748,1.0667630272314765,0.06824446051833166,0.002479325835012
6,shrinkage,756,1.3962027199281711e-05,0.05933855827700652,0.014408543914536172,1.0622479355065342,0.0642842958585238,0.00208207876642233
6,log_mean,756,1.4303781822753178e-05,0.06006525362865186,0.014605208417579053,1.0518963141287692,0.06408959500528355,0.002138808354923566
6,affine_mean,756,1.4365179076155431e-05,0.060194616476709394,0.01464216988097472,1.050617469751675,0.0632913313701976,0.002060464855555769
6,oracle,756,1.1450117592149558e-05,0.053740538803740405,0.013306756962226891,1.0474094063066413,0.0650113878941041,0.0016101001801760932
7,equal_weight,756,1.1111941806355162e-05,0.05294323294399506,0.011248211701823479,0.9503827860821986,0.08962216923605981,0.0007415916764353799
7,sample,756,9.754253947767002e-06,0.04961075173870705,0.01092274973107284,0.979070079115862,0.07951794784641086,0.0023386988443544416
7,shrinkage,756,9.971683579337957e-06,0.05015902838333847,0.011093009191711332,0.9704496389495545,0.08060748116726202,0.001755967144733943
7,log_mean,756,1.0273193670836441e-05,0.050913186271220205,0.011557878154648784,0.9778660867562314,0.08066087316476178,0.001932575770570896
7,affine_mean,756,1.0148289352386586e-05,0.0506021749796416,0.011427219422643098,0.9746807777807932,0.07966911439680668,0.0018426466460098564
7,oracle,756,7.263118875230642e-06,0.042788705143914224,0.009809209928459697,0.9331463076723789,0.09343183441768843,0.001594833028260963
8,equal_weight,756,1.596202488720249e-05,0.06344532570757626,0.012844622287358817,0.921877893951265,0.14879638382663884,0.0008397542745860861
8,sample,756,1.5791436471964926e-05,0.06312379588437322,0.013727086713005097,0.9769014074032452,0.14266354505459689,0.0024199003354412924
8,shrinkage,756,1.5984776678804836e-05,0.06350558140540581,0.014047495966378151,0.9583323359774734,0.14729386234970177,0.0015437304328936754
8,log_mean,756,1.579231737205246e-05,0.0631248066084921,0.0132884003254492,0.9718439616180395,0.14074375734211664,0.0016422727855021529
8,affine_mean,756,1.569068738250129e-05,0.06292128143216232,0.013239954801003182,0.9714437255853348,0.1397331780388852,0.0016182329043062322
8,oracle,756,1.132428481570467e-05,0.05343521981007566,0.01041164400331699,0.9267847067589285,0.14017520414321483,0.0015394480395913212
9,equal_weight,756,1.513410496795804e-05,0.06179466304262411,0.013410188248983093,1.0180227748237765,0.09281598566485172,0.000944029203161357
9,sample,756,1.4092787858034934e-05,0.05963292144831479,0.013924293808352164,0.9910344170181821,0.08691165919160904,0.0021474839099231116
9,shrinkage,756,1.3473632106611878e-05,0.05830766619168443,0.013796656017327236,1.0058075648088525,0.08263155483911522,0.0015758985874368872
9,log_mean,756,1.350790767239193e-05,0.05838154468640701,0.013591070801619913,1.0080261493979898,0.08156411020465859,0.0016923421027374092
9,affine_mean,756,1.3460499383821476e-05,0.058279011895512954,0.013606160049027882,1.0080216998136837,0.08146566450758341,0.001624062197153246
9,oracle,756,1.2374178755172643e-05,0.0558744318315912,0.013501400139979906,0.9618629612808174,0.08363478147753678,0.0015410943256876802
10,equal_weight,756,1.3664278342508166e-05,0.0586800303907207,0.013138719102219927,1.1010582201637718,0.08912010308814433,0.0007827740832582305
10,sample,756,1.3528373635826873e-05,0.058405421824693375,0.011125731458120534,1.069670858583183,0.08471941101138325,0.0023795742581249994
10,shrinkage,756,1.340036769280918e-05,0.05810403261409283,0.011775306510135381,1.1083517287164046,0.07894545640763906,0.0014970621566674843
10,log_mean,756,1.3598388246839425e-05,0.05853992407791253,0.011581832046208149,1.097680007614096,0.08509915903355003,0.0016126054057440714
10,affine_mean,756,1.3520441129295611e-05,0.05837342345180884,0.011640425427919215,1.0952229486286567,0.08593360292684449,0.0015604490384944264
10,oracle,756,9.871169886322262e-06,0.049906739689179316,0.010542167632005783,1.0131453071021734,0.10937889050772442,0.001451011648041895
11,equal_weight,756,1.2027238867996992e-05,0.05506901103070729,0.011585673470754905,0.9257227383358451,0.11370890847543069,0.0007318243361077519
11,sample,756,1.106260994111087e-05,0.05280272598032238,0.010890191175850049,0.9108533003951959,0.11829992136626732,0.002185919396177562
11,shrinkage,756,1.1071570102741744e-05,0.052829119383965714,0.01062693835457993,0.9178689508136959,0.11442712690070656,0.0016639853789886428
11,log_mean,756,1.138219050636162e-05,0.053562760235483925,0.01079506959819921,0.913536050206677,0.12009789211388233,0.0017730421453000117
11,affine_mean,756,1.1357571416779934e-05,0.053504874097018144,0.010766844720124564,0.9137991955153724,0.11826920144932551,0.0016892801005096477
11,oracle,756,9.65049262683242e-06,0.0493294070866388,0.009853588745340335,0.9340779263591348,0.0910435290947964,0.001504951803148912
12,equal_weight,756,1.1974587681245086e-05,0.054817450614954216,0.011940048583829938,1.2079016106886666,0.04695810546221013,0.0007280970249589488
12,sample,756,1.2090291696300958e-05,0.055133931506770394,0.011921045793037755,1.1634769874324362,0.04300807078718716,0.0021376897098410673
12,shrinkage,756,1.1914397559440846e-05,0.05472404783450574,0.012924103361212306,1.1698012723379547,0.04575629681773141,0.0013357580193726305
12,log_mean,756,1.2043908029978222e-05,0.05502456034023778,0.01308464938378454,1.1670823821843295,0.04687101264515958,0.001504471171963296
12,affine_mean,756,1.1986023286537243e-05,0.054887966193325,0.01295551980559594,1.170489137269806,0.04643025423051217,0.001458159686295345
12,oracle,756,1.0621659095317627e-05,0.051658019363909166,0.011780565164838566,1.1702082808691432,0.04199998991075293,0.0012608848857418892
13,equal_weight,756,1.6056841387919715e-05,0.06359729890635504,0.016565550714620667,0.875071700270283,0.20432522894261096,0.000844595905571381
13,sample,756,1.3616803164311063e-05,0.05861346664861766,0.014436124956591044,0.9617198686548252,0.1653783883542399,0.0022660729855369186
13,shrinkage,756,1.3661875655034199e-05,0.05870292849319613,0.014644088041793048,0.940046051548814,0.17774327414065616,0.0019861984168089942
13,log_mean,756,1.4112507737473342e-05,0.05965569326298602,0.01519173337089142,0.923946739628962,0.18456785180587998,0.002187622442178891
13,affine_mean,756,1.400044975056985e-05,0.059416710675850526,0.015066521394558397,0.9215014995066405,0.18387886707629153,0.0020828956600016063
13,oracle,756,1.0791989777298625e-05,0.05217447146897616,0.012471785037882037,0.9480470865507009,0.15147035345848037,0.0014715133140571926
14,equal_weight,756,1.890451393130075e-05,0.06898978316193723,0.015436208249498944,1.1588937619952013,0.08441472969536956,0.0007693871767783519
14,sample,756,1.5741670041791223e-05,0.06302224164589333,0.015452312736704485,1.02006339021205,0.07976196714065342,0.002421985897843617
14,shrinkage,756,1.5513761205184974e-05,0.0625559247997814,0.01551755419550723,1.0499426237591438,0.085873466025978,0.0017527485260093456
14,log_mean,756,1.6572903750452895e-05,0.06464611262214447,0.01574563556514165,1.073883338726071,0.0873475536873407,0.0018538771104192637
14,affine_mean,756,1.647306364010384e-05,0.06444882683780072,0.015597085331224125,1.0781201956606952,0.08691360633757927,0.0017922165412602566
14,oracle,756,1.2147739084342698e-05,0.05534490541456545,0.012477153800391588,1.0669395043850307,0.053079328254079905,0.0016266055049541062
15,equal_weight,756,1.706708694293579e-05,0.06561576461752355,0.015170376246009315,1.045272268014902,0.12456415112635122,0.0008432546242713859
15,sample,756,1.390757905460274e-05,0.05922260461191949,0.012889543499774458,1.0623620356168655,0.10472231771105067,0.002144996654232158
15,shrinkage,756,1.3485591377834805e-05,0.05832488443992631,0.013112090942681131,1.043644840902838,0.10750042851989383,0.0016032871778482623
15,log_mean,756,1.3499767637665104e-05,0.05835383524404012,0.013361879240434377,1.0481257133739077,0.10937720663670736,0.0016861647480131683
15,affine_mean,756,1.3498907742213955e-05,0.05835263494937443,0.013410596921171877,1.046458962745405,0.11004215009134133,0.0016336725196582009
15,oracle,756,1.2711587390807248e-05,0.056625049211642305,0.01293355103875764,1.0462514073712474,0.09933555467322008,0.0013904296826440408
16,equal_weight,756,1.9641530785969638e-05,0.07037862863557065,0.014436701899695906,1.0780432002160485,0.12826872633748343,0.0008226209926366428
16,sample,756,2.1197522804428154e-05,0.07312871899837244,0.01577344512190444,1.0384250329761546,0.12344646342635668,0.0028572857228230325
16,shrinkage,756,2.0509205287419862e-05,0.07192834698371198,0.015446275775653917,1.0488268470818423,0.12113943495823332,0.002442284265461403
16,log_mean,756,1.9533026950288115e-05,0.07020083984481144,0.015297517250150418,1.0298775834589475,0.12227816600474839,0.0025540134004528496
16,affine_mean,756,1.944966603092312e-05,0.07004952223364015,0.015258859713434453,1.0352096861290425,0.12186937939273368,0.002490249338541366
16,oracle,756,1.5901086007199534e-05,0.06333375531673813,0.013678395333078902,1.0458807784301327,0.11184237536419384,0.0016224526998927485
17,equal_weight,756,2.7487066488934797e-05,0.08328198396046115,0.025030840787153254,0.9964365824088811,0.1170882388303961,0.0008717052017093498
17,sample,756,2.4166730368937966e-05,0.0780615133306569,0.020925760973608876,1.0929326889491808,0.07080010579878504,0.0027445844521606353
17,shrinkage,756,2.340010041312238e-05,0.07682611979483528,0.02180314450577087,1.064535749286888,0.07862264555682352,0.00206301106360058
17,log_mean,756,2.3201997511970726e-05,0.07649418438193603,0.021858953740541514,1.078278877591748,0.08072942431557861,0.002134319189167894
17,affine_mean,756,2.318787937189543e-05,0.07647408623408655,0.021915058032841245,1.0712264002575929,0.08214688006518922,0.002037597546755422
17,oracle,756,1.7725378760169764e-05,0.06687812495807725,0.018575873401396062,0.9994581966721875,0.07621849429419003,0.0018086108835780297
18,equal_weight,756,1.0834697007134032e-05,0.05228546972167249,0.010791744926345926,1.0159321815399491,0.12485180915699867,0.0008238235008591322
18,sample,756,1.1114709387574874e-05,0.05295819999572063,0.013127971105754534,1.0037500232115648,0.09245180291953259,0.002209968219026649
18,shrinkage,756,1.0216647049102839e-05,0.050773963784306674,0.011479662511170784,0.9994026248887857,0.1140977712886837,0.0014222378567339939
18,log_mean,756,1.0243092425172543e-05,0.05083894145906432,0.011734954375482762,0.9813583821276004,0.11522569547039485,0.0014613442488400914
18,affine_mean,756,1.0176115290870294e-05,0.05067265748267135,0.011662482690389765,0.9832713197803388,0.11460318902610533,0.0014221342818706048
18,oracle,756,8.36638450359091e-06,0.04593648398408855,0.010212985015680794,1.042868811605035,0.07995739674463687,0.001511449751460248
19,equal_weight,756,1.5622465293345554e-05,0.06277641441045008,0.011801882444447662,1.0463967848097249,0.07905320312967146,0.0008308936153203689
19,sample,756,1.4721905864735183e-05,0.06093591593325704,0.011430761613548553,1.054696093410907,0.07990646767304221,0.002292144436443412
19,shrinkage,756,1.4182549737191277e-05,0.05980987100234361,0.010610926037928691,1.0528907069436328,0.07676396605749614,0.0017020644219900667
19,log_mean,756,1.4448369707934173e-05,0.06036154760726122,0.01064616186654773,1.066708427240514,0.0706245613505666,0.0020743954588790256
19,affine_mean,756,1.4405890718262623e-05,0.06027399447467567,0.010616775233428737,1.064146633488887,0.07083791905418768,0.0019874558008638374
19,oracle,756,1.3060815432430651e-05,0.05739883338614191,0.010300318948294834,1.043512170461805,0.06550342057939562,0.0014524798781568706
